Length,Width,Height,Box
0,0,0,0x0x0
0,0,0,0x0x0
0,0,0,0x0x0
0,0,0,0x0x0
0,0,0,0x0x0
0,0,0,0x0x0
0,0,0,0x0x0
0,0,0,0x0x0
0,0,0,0x0x0
0,0,0,0x0x0
0,0,0,0x0x0
0,0,0,0x0x0
0,0,0,0x0x0
0,0,0,0x0x0
0,0,0,0x0x0
0,0,0,0x0x0
0,0,0,0x0x0
0,0,0,0x0x0
0,0,0,0x0x0
0,0,0,0x0x0
0,0,0,0x0x0
0,0,0,0x0x0
0,0,0,0x0x0
0,0,0,0x0x0
0,0,0,0x0x0
0,0,0,0x0x0
0,0,0,0x0x0
0,0,0,0x0x0
0,0,0,0x0x0
0,0,0,0x0x0
0,0,0,0x0x0
0,0,0,0x0x0
0,0,0,0x0x0
0,0,0,0x0x0
0,0,0,0x0x0
0,0,0,0x0x0
0,0,0,0x0x0
0,0,0,0x0x0
0,0,0,0x0x0
0,0,0,0x0x0
0,0,0,0x0x0
0,0,0,0x0x0
0,0,0,0x0x0
0,0,0,0x0x0
0,0,0,0x0x0
0,0,0,0x0x0
0,0,0,0x0x0
0,0,0,0x0x0
0,0,0,0x0x0
0,0,0,0x0x0
0,0,0,0x0x0
0,0,0,0x0x0
0,0,0,0x0x0
0,0,0,0x0x0
0,0,0,0x0x0
0,0,0,0x0x0
0,0,0,0x0x0
0,0,0,0x0x0
0,0,0,0x0x0
0,0,0,0x0x0
0,0,0,0x0x0
0,0,0,0x0x0
0,0,0,0x0x0
0,0,0,0x0x0
0,0,0,0x0x0
0,0,0,0x0x0
0,0,0,0x0x0
0,0,0,0x0x0
0,0,0,0x0x0
0,0,0,0x0x0
0,0,0,0x0x0
0,0,0,0x0x0
0,0,0,0x0x0
0,0,0,0x0x0
0,0,0,0x0x0
0,0,0,0x0x0
0,0,0,0x0x0
0,0,0,0x0x0
0,0,0,0x0x0
0,0,0,0x0x0
0,0,0,0x0x0
0,0,0,0x0x0
0,0,0,0x0x0
0,0,0,0x0x0
0,0,0,0x0x0
0,0,0,0x0x0
0,0,0,0x0x0
0,0,0,0x0x0
0,0,0,0x0x0
0,0,0,0x0x0
0,0,0,0x0x0
0,0,0,0x0x0
0,0,0,0x0x0
0,0,0,0x0x0
0,0,0,0x0x0
0,0,0,0x0x0
0,0,0,0x0x0
0,0,0,0x0x0
0,0,0,0x0x0
0,0,0,0x0x0
0,0,0,0x0x0
0,0,0,0x0x0
0,0,0,0x0x0
0,0,0,0x0x0
0,0,0,0x0x0
0,0,0,0x0x0
0,0,0,0x0x0
0,0,0,0x0x0
0,0,0,0x0x0
0,0,0,0x0x0
0,0,0,0x0x0
0,0,0,0x0x0
0,0,0,0x0x0
0,0,0,0x0x0
0,0,0,0x0x0
0,0,0,0x0x0
0,0,0,0x0x0
0,0,0,0x0x0
0,0,0,0x0x0
0,0,0,0x0x0
0,0,0,0x0x0
0,0,0,0x0x0
0,0,0,0x0x0
0,0,0,0x0x0
0,0,0,0x0x0
0,0,0,0x0x0
0,0,0,0x0x0
0,0,0,0x0x0
0,0,0,0x0x0
0,0,0,0x0x0
0,0,0,0x0x0
0,0,0,0x0x0
0,0,0,0x0x0
0,0,0,0x0x0
0,0,0,0x0x0
0,0,0,0x0x0
0,0,0,0x0x0
0,0,0,0x0x0
0,0,0,0x0x0
0,0,0,0x0x0
0,0,0,0x0x0
0,0,0,0x0x0
0,0,0,0x0x0
0,0,0,0x0x0
0,0,0,0x0x0
0,0,0,0x0x0
0,0,0,0x0x0
0,0,0,0x0x0
0,0,0,0x0x0
0,0,0,0x0x0
0,0,0,0x0x0
0,0,0,0x0x0
0,0,0,0x0x0
0,0,0,0x0x0
0,0,0,0x0x0
0,0,0,0x0x0
0,0,0,0x0x0
0,0,0,0x0x0
0,0,0,0x0x0
0,0,0,0x0x0
0,0,0,0x0x0
0,0,0,0x0x0
0,0,0,0x0x0
0,0,0,0x0x0
0,0,0,0x0x0
0,0,0,0x0x0
0,0,0,0x0x0
0,0,0,0x0x0
0,0,0,0x0x0
0,0,0,0x0x0
0,0,0,0x0x0
0,0,0,0x0x0
0,0,0,0x0x0
0,0,0,0x0x0
0,0,0,0x0x0
0,0,0,0x0x0
0,0,0,0x0x0
0,0,0,0x0x0
0,0,0,0x0x0
0,0,0,0x0x0
0,0,0,0x0x0
0,0,0,0x0x0
0,0,0,0x0x0
0,0,0,0x0x0
0,0,0,0x0x0
0,0,0,0x0x0
0,0,0,0x0x0
0,0,0,0x0x0
0,0,0,0x0x0
0,0,0,0x0x0
0,0,0,0x0x0
0,0,0,0x0x0
0,0,0,0x0x0
0,0,0,0x0x0
0,0,0,0x0x0
0,0,0,0x0x0
0,0,0,0x0x0
0,0,0,0x0x0
0,0,0,0x0x0
0,0,0,0x0x0
0,0,0,0x0x0
0,0,0,0x0x0
0,0,0,0x0x0
0,0,0,0x0x0
0,0,0,0x0x0
0,0,0,0x0x0
0,0,0,0x0x0
0,0,0,0x0x0
0,0,0,0x0x0
0,0,0,0x0x0
0,0,0,0x0x0
0,0,0,0x0x0
0,0,0,0x0x0
0,0,0,0x0x0
0,0,0,0x0x0
0,0,0,0x0x0
0,0,0,0x0x0
0,0,0,0x0x0
0,0,0,0x0x0
0,0,0,0x0x0
0,0,0,0x0x0
0,0,0,0x0x0
0,0,0,0x0x0
0,0,0,0x0x0
0,0,0,0x0x0
0,0,0,0x0x0
0,0,0,0x0x0
0,0,0,0x0x0
0,0,0,0x0x0
0,0,0,0x0x0
0,0,0,0x0x0
0,0,0,0x0x0
0,0,0,0x0x0
0,0,0,0x0x0
0,0,0,0x0x0
0,0,0,0x0x0
0,0,0,0x0x0
0,0,0,0x0x0
0,0,0,0x0x0
0,0,0,0x0x0
0,0,0,0x0x0
0,0,0,0x0x0
0,0,0,0x0x0
0,0,0,0x0x0
0,0,0,0x0x0
0,0,0,0x0x0
0,0,0,0x0x0
0,0,0,0x0x0
0,0,0,0x0x0
0,0,0,0x0x0
0,0,0,0x0x0
0,0,0,0x0x0
0,0,0,0x0x0
0,0,0,0x0x0
0,0,0,0x0x0
0,0,0,0x0x0
0,0,0,0x0x0
0,0,0,0x0x0
0,0,0,0x0x0
0,0,0,0x0x0
0,0,0,0x0x0
0,0,0,0x0x0
0,0,0,0x0x0
0,0,0,0x0x0
0,0,0,0x0x0
0,0,0,0x0x0
0,0,0,0x0x0
0,0,0,0x0x0
0,0,0,0x0x0
0,0,0,0x0x0
0,0,0,0x0x0
0,0,0,0x0x0
0,0,0,0x0x0
0,0,0,0x0x0
0,0,0,0x0x0
0,0,0,0x0x0
0,0,0,0x0x0
0,0,0,0x0x0
0,0,0,0x0x0
0,0,0,0x0x0
0,0,0,0x0x0
0,0,0,0x0x0
0,0,0,0x0x0
0,0,0,0x0x0
0,0,0,0x0x0
0,0,0,0x0x0
0,0,0,0x0x0
0,0,0,0x0x0
0,0,0,0x0x0
0,0,0,0x0x0
0,0,0,0x0x0
0,0,0,0x0x0
0,0,0,0x0x0
0,0,0,0x0x0
0,0,0,0x0x0
0,0,0,0x0x0
0,0,0,0x0x0
10,10,10,10x10x10
10,10.2,10.2,10x10x10
10,10.2,10.2,10x10x10
10,10.2,10.2,10x10x10
10,10.4,10.2,10x10x10
10,10.2,10.2,10x10x10
10,10.4,10.2,10x10x10
10,10.2,10.2,10x10x10
10,10.2,10.2,10x10x10
10,10.4,10.2,10x10x10
10,10.4,10.2,10x10x10
10,10.2,10,10x10x10
10.2,10.2,10.2,10x10x10
10.2,10.2,10,10x10x10
10.2,10.2,10.2,10x10x10
10.2,10.2,10.2,10x10x10
10.2,10.4,10.2,10x10x10
10.2,10.2,10.2,10x10x10
10.2,10.2,10.2,10x10x10
10.2,10.2,10.2,10x10x10
10.2,10.2,10,10x10x10
10.2,10.2,10,10x10x10
10.2,10.2,10,10x10x10
10.2,10.4,10.2,10x10x10
10.2,10.2,10.2,10x10x10
10.2,10.2,10.2,10x10x10
10.2,10.2,10.2,10x10x10
10.2,10.4,10.2,10x10x10
10.2,10.4,10.2,10x10x10
10.2,10.2,10,10x10x10
10.2,10.2,10,10x10x10
10.2,10.4,10.2,10x10x10
10.2,10.4,10.2,10x10x10
10.2,10.2,10,10x10x10
10.2,10.2,10,10x10x10
10.2,10.2,10.2,10x10x10
10.2,10.2,10.2,10x10x10
10.2,10.4,10.2,10x10x10
10.2,10.2,10.2,10x10x10
10.2,10.2,10,10x10x10
10.2,10.2,10.2,10x10x10
10.2,10.2,10,10x10x10
10.2,10.2,10.2,10x10x10
10.2,10.2,10.2,10x10x10
10.2,10.2,10.2,10x10x10
10.2,10.4,10.2,10x10x10
10.2,10.2,10.2,10x10x10
10.2,10.2,10.2,10x10x10
10.2,10.4,10.2,10x10x10
10.2,10.2,10,10x10x10
10.2,10.2,10.2,10x10x10
10.2,10.2,10.2,10x10x10
10.2,10.4,10.2,10x10x10
10.2,10.2,10,10x10x10
10.2,10.2,10,10x10x10
10.2,10.2,10.2,10x10x10
10.2,10.2,10,10x10x10
10.2,10.2,10,10x10x10
10.2,10.2,10.2,10x10x10
10.2,10.2,10,10x10x10
10.2,10.2,10.2,10x10x10
10.2,10.2,10.2,10x10x10
10.2,10.2,10.2,10x10x10
10.2,10.2,10.2,10x10x10
10.2,10.4,10.2,10x10x10
10.2,10.2,10.2,10x10x10
10.2,10.4,10.2,10x10x10
10.2,10.2,10.2,10x10x10
10.2,10.4,10.2,10x10x10
10.2,10.2,10,10x10x10
10.2,10.4,10.2,10x10x10
10.2,10.2,10.2,10x10x10
10.2,10.2,10,10x10x10
10.2,10.4,10.2,10x10x10
10.2,10.2,10.2,10x10x10
10.2,10.4,10.2,10x10x10
10.2,10.2,10.2,10x10x10
10.2,10.2,10.2,10x10x10
10.2,10.4,10.2,10x10x10
10.2,10.4,10.2,10x10x10
10.2,10.4,10.2,10x10x10
10.2,10.2,10.2,10x10x10
10.2,10.2,10.2,10x10x10
10.2,10.2,10,10x10x10
10.2,10.2,10,10x10x10
10.2,10.2,10.2,10x10x10
10.2,10.2,10,10x10x10
10.2,10.2,10,10x10x10
10.4,10.2,10.2,10x10x10
10.4,10.2,10.2,10x10x10
10.4,10.2,10,10x10x10
10.4,10.2,10.2,10x10x10
10.4,10.2,10,10x10x10
10.4,10.2,10,10x10x10
10.4,10.2,10,10x10x10
10.4,10.2,10.2,10x10x10
10.4,10.2,10.2,10x10x10
10.4,10.2,10.2,10x10x10
10.4,10.2,10.2,10x10x10
10.4,10.2,10.2,10x10x10
10.4,10.2,10,10x10x10
10.4,10.2,10,10x10x10
10.4,10.2,10.2,10x10x10
10.4,10.2,10.2,10x10x10
10.4,10.4,10.2,10x10x10
10.4,10.4,10.2,10x10x10
10.4,10.2,10.2,10x10x10
10.4,10.4,10.2,10x10x10
10.4,10.2,10,10x10x10
10.4,10.2,10,10x10x10
10.4,10.2,10,10x10x10
10.4,10.2,10,10x10x10
10.4,10.2,10,10x10x10
10.4,10.4,10.2,10x10x10
10,10.2,10,10x10x10
10,10.2,10,10x10x10
10,10.2,10,10x10x10
10,10.4,10,10x10x10
10.2,10.2,10,10x10x10
10.2,10.2,10,10x10x10
10,10.2,10,10x10x10
10,10.4,10,10x10x10
10.2,10.2,10,10x10x10
10.2,10.2,10,10x10x10
10,10.2,10,10x10x10
10,10.2,10,10x10x10
10,10.2,10,10x10x10
10,10.2,10,10x10x10
10,10.2,9.8,10x10x10
10,10,7.8999996,10x10x8
10,10,8,10x10x8
10,10,7.8999996,10x10x8
10,10,7.8999996,10x10x8
10,10,8,10x10x8
10,10,7.8999996,10x10x8
10,15.2,3,10x15x3
10,15.2,7.2,10x15x7
10,15.2,7.2,10x15x7
10,15.2,7.2,10x15x7
10,15.2,7.2,10x15x7
10,15.2,7.2,10x15x7
10,8,9.9,10x8x10
10,8,10,10x8x10
10,8,9.9,10x8x10
10,8.2,10,10x8x10
11,13,1.9,11x13x2
10.599999,13,1.9,11x13x2
11,13,1.9,11x13x2
11,13,1.9,11x13x2
11,13,1.9,11x13x2
12.2,9,1,12x12x1
12,12,12.2,12x12x12
12.2,12,12,12x12x12
12.2,12.2,12,12x12x12
12.2,12,12,12x12x12
12.2,12,12,12x12x12
12.2,12,12,12x12x12
12.2,3,3,12x3x3
12.2,3.1999998,3,12x3x3
12.2,3,3,12x3x3
9.8,9,1.1999999,12x9x1
10,8.8,1.1999999,12x9x1
10.2,8.8,1.1999999,12x9x1
10.4,8.8,1.1999999,12x9x1
10.8,9.2,1,12x9x1
11.4,9.2,1,12x9x1
11.599999,9,1.1999999,12x9x1
11.8,9,1,12x9x1
11.8,9,1,12x9x1
11.8,9.2,1.1999999,12x9x1
12.2,9,1.1999999,12x9x1
12.2,6.3999996,1.1999999,12x9x1
12.2,9.2,1,12x9x1
12.2,9,1,12x9x1
12.2,9.2,1,12x9x1
12.4,9.2,1.1999999,12x9x1
12.4,9,1.1999999,12x9x1
12.4,9,1.1999999,12x9x1
12.599999,9.2,1.1999999,12x9x1
11.8,9,1.1999999,12x9x1
12.599999,11,2.2,13x11x2
13,11,2.2,13x11x2
13,11,2.2,13x11x2
13,11.2,2.2,13x11x2
13,11,2.2,13x11x2
13,11,1.9,13x11x2
13,11,1.9,13x11x2
13,11,1.9,13x11x2
13,11,1.9,13x11x2
13,11,1.9,13x11x2
14.799999,10.2,3.1999998,15x10x3
14.799999,10.2,3.1999998,15x10x3
14.799999,10.2,3.1999998,15x10x3
14.799999,10.2,3,15x10x3
14.799999,10.2,3.1999998,15x10x3
15,10,3,15x10x3
15,10.4,3.1999998,15x10x3
15,10.2,3.1999998,15x10x3
15,10.4,3.1999998,15x10x3
15,9.8,3.1999998,15x10x3
15,10,3.1999998,15x10x3
15,10,3.1999998,15x10x3
15,10,3.1999998,15x10x3
15,10,3.1999998,15x10x3
15,10,3.1999998,15x10x3
15,10,3.1999998,15x10x3
15,10.2,3.1999998,15x10x3
15,10.2,3.1999998,15x10x3
15,10,3,15x10x3
15,10.2,3.1999998,15x10x3
15,10.2,3.1999998,15x10x3
15,10,3.1999998,15x10x3
15,10.2,3.1999998,15x10x3
15,10,3.1999998,15x10x3
15,10,3.1999998,15x10x3
15,10.2,3.1999998,15x10x3
15,10,3.1999998,15x10x3
15,10.2,3.1999998,15x10x3
15,10,3.1999998,15x10x3
15,10.2,3,15x10x3
15,10,3,15x10x3
15,10,3,15x10x3
15,10.2,3.1999998,15x10x3
15,10,3,15x10x3
15,10.2,3.1999998,15x10x3
15,10,3,15x10x3
15,10.2,3.1999998,15x10x3
15,10.2,3.1999998,15x10x3
15,10.2,3.1999998,15x10x3
15,10.2,3.1999998,15x10x3
15,10,3,15x10x3
15,10,3,15x10x3
15,10.2,3.1999998,15x10x3
15,10,3,15x10x3
15,10.2,3.1999998,15x10x3
15,10,3,15x10x3
15,10.2,3.1999998,15x10x3
15,10.2,3.1999998,15x10x3
15,10.4,3.1999998,15x10x3
15,10.2,3.1999998,15x10x3
15,10,3,15x10x3
15,10.2,3.1999998,15x10x3
15,10,3,15x10x3
15,10,3.1999998,15x10x3
15,10,3.1999998,15x10x3
15,10,3,15x10x3
15,10,3.1999998,15x10x3
15,10,3,15x10x3
15,10,3.1999998,15x10x3
15,10,3,15x10x3
15,10,3,15x10x3
15,10,3.1999998,15x10x3
15,10,3,15x10x3
15,10,3.1999998,15x10x3
15,10,3,15x10x3
15,10,3.1999998,15x10x3
15,10,3,15x10x3
15,10,3.1999998,15x10x3
15,10,3.1999998,15x10x3
15,10,3.1999998,15x10x3
15,10,3.1999998,15x10x3
15.2,10,3,15x10x3
15.2,10,3,15x10x3
15.2,10,3,15x10x3
15.2,10,3,15x10x3
15.2,10.2,3,15x10x3
15.2,10,3,15x10x3
15.2,10,3,15x10x3
15.2,10,3,15x10x3
15.2,10.2,3,15x10x3
15.2,10.2,3,15x10x3
15.2,10,3,15x10x3
15.2,10,3,15x10x3
15.2,10,3,15x10x3
15.2,10,3,15x10x3
15.2,10.2,3,15x10x3
15.2,10,3,15x10x3
15.2,10.2,3,15x10x3
15.2,10,3,15x10x3
15.2,10.2,3.1999998,15x10x3
15.2,10.2,3.1999998,15x10x3
15.2,10.2,3.1999998,15x10x3
15.2,10.2,3.1999998,15x10x3
15.2,10,3,15x10x3
15.2,10,3,15x10x3
15.2,10,3,15x10x3
15.2,10,3.1999998,15x10x3
15.2,10,3.1999998,15x10x3
15.4,10,3,15x10x3
15.4,10.2,2.8,15x10x3
15.4,10,2.8,15x10x3
15.4,10,2.8,15x10x3
15.599999,12.799999,2.8,15x10x3
15.599999,13.599999,3,15x10x3
15.599999,13.599999,3,15x10x3
15.599999,13.599999,3,15x10x3
15.599999,10,2.8,15x10x3
15.799999,12.4,3,15x10x3
15.799999,12.4,3,15x10x3
15,10.2,3,15x10x3
15,10.2,3,15x10x3
14.799999,10.2,3,15x10x3
14.599999,10,3.1999998,15x10x3
15,10.2,3,15x10x3
14.799999,10,3.1999998,15x10x3
15,10.2,2.8,15x10x3
14.2,10,3.1999998,15x10x3
14.799999,10.2,3,15x10x3
14.599999,10,3.1999998,15x10x3
14.799999,10,3.1999998,15x10x3
15,10.2,2.8,15x10x3
14.2,10,3.1999998,15x10x3
14.799999,10.2,3,15x10x3
14.599999,10.2,3,15x10x3
15.2,10.2,3,15x10x3
15,10,3,15x10x3
14.599999,10,3.1999998,15x10x3
15,10.2,3,15x10x3
14.799999,10,3,15x10x3
15.2,10.2,3,15x10x3
15.2,10,7.2,15x10x7
15.2,10.4,7.2,15x10x7
15.2,10.2,7.2,15x10x7
15.2,10.2,7.2,15x10x7
15.2,10.4,7.2,15x10x7
15.2,10,7.2,15x10x7
15.2,10,7.2,15x10x7
15,11,3.1999998,15x11x3
15,11.2,3,15x11x3
15.2,11.2,3.1999998,15x11x3
15.2,11.2,3.1999998,15x11x3
15.2,11.2,3.1999998,15x11x3
2.3999999,2.2,1,2.4x2.4x1.2
2.3999999,2.3999999,1.1,2.4x2.4x1.2
2.3999999,2.3999999,1.1,2.4x2.4x1.2
2.3999999,2.2,1.1,2.4x2.4x1.2
2.3999999,2.2,1.1,2.4x2.4x1.2
2.6,2.3999999,1.1,2.4x2.4x1.2
2.3999999,2.2,1.1,2.4x2.4x1.2
2.3999999,2.2,1,2.4x2.4x1.2
2.6,2.3999999,1.1,2.4x2.4x1.2
305,403,202,302x402x202
36,10,11.9,36x10x12
36.2,10,11.9,36x10x12
36,10,11.9,36x10x12
36,10,12,36x10x12
36,10,12,36x10x12
36,10,12,36x10x12
36,12,10,36x12x10
36,12,9.9,36x12x10
36,12,10,36x12x10
36,12,10,36x12x10
36,12,10,36x12x10
36,12,10,36x12x10
3.1999998,3.8,1.8,3x4x2
3,4,1.9,3x4x2
3,4.2,1.9,3x4x2
3.3999999,4,1.9,3x4x2
404,304,202,402x302x202
405,303,201,402x302x202
403,304,202,402x302x202
403,305,202,402x302x202
303,405,202,402x302x202
402,305,202,402x302x202
4,3,1.8,4x3x2
4,3,1.9,4x3x2
4,3,1.8,4x3x2
4,3,1.9,4x3x2
4,3.1999998,1.9,4x3x2
4,4,2,4x4x2
4,4,2,4x4x2
4,4,2,4x4x2
4,4,2,4x4x2
4,3.8,2,4x4x2
4,3.8,2,4x4x2
4.2,8.2,3,4x4x3
4,4,4,4x4x4
4,4.2,4,4x4x4
4,4,4,4x4x4
4,4,4,4x4x4
4,4,4,4x4x4
4.2,8.2,3,4x8x3
4.2,8.2,3,4x8x3
4.2,8.2,3.1999998,4x8x3
4.2,8.2,3,4x8x3
5.6,4.6,2,5x4x2
5.7999997,5,2.2,5x5x2
5,4.7999997,3.8999999,5x5x4
5,4.7999997,3.8999999,5x5x4
5,5,3.8999999,5x5x4
5,5,3.8999999,5x5x4
5,5,3.8,5x5x4
5,4.7999997,3.8999999,5x5x4
5,5,3.8999999,5x5x4
5,5,5,5x5x5
5,5,5,5x5x5
5,5.2,5,5x5x5
5,5,5,5x5x5
5,5,5,5x5x5
4.6,6,2,5x6x2
5,5,2,6x5x2
5,4.7999997,2.2,6x5x2
5,4.7999997,2.2,6x5x2
5,4.7999997,2.2,6x5x2
5,4.6,2.2,6x5x2
5,4.7999997,2,6x5x2
5.2,4.7999997,2,6x5x2
5.2,5,2.2,6x5x2
5.2,5,2,6x5x2
5.2,4.7999997,2.2,6x5x2
5.2,4.7999997,2.2,6x5x2
5.4,5,2.2,6x5x2
5.4,4.7999997,2,6x5x2
5.4,4.7999997,2.2,6x5x2
5.4,4.7999997,2.2,6x5x2
5.4,4.7999997,2.2,6x5x2
5.4,4.7999997,2.2,6x5x2
5.4,4.7999997,2.2,6x5x2
5.4,5,2.2,6x5x2
5.6,5,2,6x5x2
5.6,4.7999997,2.2,6x5x2
5.6,4.7999997,2.2,6x5x2
5.6,4.7999997,2,6x5x2
5.6,4.7999997,2,6x5x2
5.6,4.7999997,2,6x5x2
5.6,4.7999997,2,6x5x2
5.6,4.7999997,2,6x5x2
5.6,4.7999997,2.2,6x5x2
5.6,4.7999997,2.2,6x5x2
5.6,4.7999997,2.2,6x5x2
5.6,4.7999997,2,6x5x2
5.6,4.7999997,2,6x5x2
5.6,4.7999997,2,6x5x2
5.6,4.7999997,2,6x5x2
5.6,4.7999997,2,6x5x2
5.6,4.7999997,2,6x5x2
5.6,4.7999997,2,6x5x2
5.6,4.6,2,6x5x2
5.6,4.6,2.2,6x5x2
5.7999997,4.7999997,2,6x5x2
5.7999997,4.7999997,2,6x5x2
5.7999997,4.7999997,2,6x5x2
5.7999997,4.7999997,2.2,6x5x2
5.7999997,4.7999997,2.2,6x5x2
5.7999997,4.7999997,2,6x5x2
5.7999997,4.7999997,2.2,6x5x2
5.7999997,4.7999997,2.2,6x5x2
5.7999997,4.7999997,2.2,6x5x2
5.7999997,4.7999997,2,6x5x2
5.7999997,4.7999997,2.2,6x5x2
5.7999997,4.7999997,2,6x5x2
5.7999997,4.6,2.2,6x5x2
5.7999997,4.7999997,2,6x5x2
5.7999997,4.7999997,2,6x5x2
5.7999997,4.7999997,2.2,6x5x2
5.7999997,4.7999997,2.2,6x5x2
5.7999997,4.7999997,2,6x5x2
5.7999997,4.7999997,2,6x5x2
5.7999997,4.7999997,2,6x5x2
5.7999997,4.6,2.2,6x5x2
5.7999997,4.7999997,2,6x5x2
5.7999997,4.7999997,2,6x5x2
5.7999997,4.7999997,2,6x5x2
5.7999997,4.7999997,2,6x5x2
5.7999997,4.7999997,2,6x5x2
5.7999997,4.6,2,6x5x2
5.7999997,4.6,2.2,6x5x2
5.7999997,4.6,2.2,6x5x2
5.7999997,4.6,2,6x5x2
6,4.7999997,2,6x5x2
6,4.7999997,2.2,6x5x2
6,4.7999997,2,6x5x2
6,4.7999997,2.2,6x5x2
6,4.7999997,2.2,6x5x2
6,4.7999997,2.2,6x5x2
6,4.7999997,2,6x5x2
6,4.7999997,2,6x5x2
6,4.7999997,2,6x5x2
6,4.7999997,2,6x5x2
6,4.7999997,2,6x5x2
6,4.7999997,2,6x5x2
6,4.7999997,2,6x5x2
6,4.7999997,2,6x5x2
6,4.7999997,2,6x5x2
6,4.7999997,2,6x5x2
6,4.7999997,2,6x5x2
6,4.7999997,2,6x5x2
6,4.7999997,2,6x5x2
6,4.7999997,2.2,6x5x2
6,4.7999997,2,6x5x2
6,4.7999997,2.2,6x5x2
6,4.7999997,2,6x5x2
6,4.7999997,2,6x5x2
6,4.7999997,2,6x5x2
6,4.7999997,2,6x5x2
6,4.7999997,2,6x5x2
6,4.7999997,2,6x5x2
6,4.7999997,2,6x5x2
6,4.7999997,2,6x5x2
6,4.6,2,6x5x2
6,4.6,2,6x5x2
6,4.6,2,6x5x2
6,4.6,2,6x5x2
6,4.6,2,6x5x2
6,4.7999997,2,6x5x2
6,4.6,2,6x5x2
6,5,2.2,6x5x2
6,5,2.2,6x5x2
6.2,4.6,2,6x5x2
6.2,4.7999997,2.2,6x5x2
6.2,4.7999997,2.2,6x5x2
6.2,4.7999997,2.2,6x5x2
6,5.2,2,6x5x2
5.7999997,4.7999997,2,6x5x2
5.6,4.7999997,2,6x5x2
5.7999997,4.7999997,2,6x5x2
6,4.7999997,2,6x5x2
6,5.2,2.2,6x5x2
5.6,4.7999997,2,6x5x2
5.6,4.7999997,2,6x5x2
6,4.7999997,2,6x5x2
6,5.2,2.2,6x5x2
5.6,4.7999997,2,6x5x2
5.6,4.6,2,6x5x2
5.7999997,4.7999997,2,6x5x2
5.7999997,4.7999997,2,6x5x2
5.6,4.7999997,2,6x5x2
5.6,4.7999997,2,6x5x2
5.7999997,4.7999997,2,6x5x2
6,5.2,2,6x5x2
5.6,4.7999997,2,6x5x2
5.6,4.7999997,2,6x5x2
5.8,5,2,6x5x2
5.8,5,2,6x5x2
4.4,4.6,4,6x5x2
5.8,5,2,6x5x2
5.8,5,2,6x5x2
4.4,4.6,4,6x5x2
6,5,2,6x6x2
6,6.2,6,6x6x6
6,6.2,6,6x6x6
6,6.2,6,6x6x6
6,6.2,6,6x6x6
6,6.3999996,5.7999997,6x6x6
6,6.3999996,6,6x6x6
6,6,6.2,6x6x6
6,6.2,6,6x6x6
6.2,6.2,6.2,6x6x6
6.2,6.2,6.2,6x6x6
6.3999996,6.2,6,6x6x6
6,6,6,6x6x6
6.2,6,6.2,6x6x6
8,9.8,9.9,8x10x10
8,10,10,8x10x10
8,10,9.9,8x10x10
8,4.2,3.1999998,8x4x3
8,4.2,3.2,8x4x3
10.6,4.2,3.2,8x4x3
8,4.2,3,8x4x3
8,8.2,2.8,8x8x3
7.3999996,7.7999997,3.1999998,8x8x3
7.6,8,3.1999998,8x8x3
7.7999997,8,3.1999998,8x8x3
7.7999997,8,3.1999998,8x8x3
7.7999997,8,3.1999998,8x8x3
7.7999997,8,3.1999998,8x8x3
7.7999997,7.7999997,3.1999998,8x8x3
7.7999997,8,3,8x8x3
7.7999997,7.7999997,3.1999998,8x8x3
7.7999997,7.7999997,3.1999998,8x8x3
7.7999997,8,3,8x8x3
7.7999997,7.7999997,3.1999998,8x8x3
7.7999997,8,3.1999998,8x8x3
7.7999997,8,3,8x8x3
7.7999997,8,3,8x8x3
7.7999997,8,3,8x8x3
7.7999997,8,3,8x8x3
7.7999997,8,3,8x8x3
8,8,3,8x8x3
8,8,3.1999998,8x8x3
8,8,3.1999998,8x8x3
8,8,3.1999998,8x8x3
8,7.6,3.1999998,8x8x3
8,8,3,8x8x3
8,8,3,8x8x3
8,7.7999997,3.1999998,8x8x3
8,8,3,8x8x3
8,7.7999997,3,8x8x3
8,7.7999997,3.1999998,8x8x3
8,8,3,8x8x3
8,7.7999997,3,8x8x3
8,7.7999997,3.1999998,8x8x3
8,7.7999997,3.1999998,8x8x3
8,8,3,8x8x3
8,8,3,8x8x3
8,8,3,8x8x3
8,7.7999997,3.1999998,8x8x3
8,8,3,8x8x3
8,8,3,8x8x3
8,8,3,8x8x3
8,8,3,8x8x3
8,8,3,8x8x3
8,8,3,8x8x3
8,8,3,8x8x3
8,8,3,8x8x3
8,8,3.1999998,8x8x3
8,8,3,8x8x3
8,8,3,8x8x3
8,7.7999997,3.1999998,8x8x3
8,8,3,8x8x3
8,7.7999997,3.1999998,8x8x3
8,8,3,8x8x3
8,8,3,8x8x3
8,7.7999997,3.1999998,8x8x3
8,8,3,8x8x3
8,8,3,8x8x3
8,8,3,8x8x3
8,7.7999997,3.1999998,8x8x3
8,8,3,8x8x3
8,8,3,8x8x3
8,8,3,8x8x3
8,8,3,8x8x3
8,8,3.1999998,8x8x3
8,8,3.1999998,8x8x3
8,8,3,8x8x3
8,8,3,8x8x3
8,7.7999997,3.1999998,8x8x3
8,8,3,8x8x3
8,8,3.1999998,8x8x3
8,7.7999997,3.1999998,8x8x3
8,8,3,8x8x3
8,8,3.1999998,8x8x3
8,8,3,8x8x3
8,8,3.1999998,8x8x3
8,8,3,8x8x3
8,7.7999997,3,8x8x3
8,8,3,8x8x3
8,8,3,8x8x3
8,8,3,8x8x3
8,8,3,8x8x3
8,7.7999997,3,8x8x3
8,7.7999997,3.1999998,8x8x3
8,7.7999997,3,8x8x3
8,7.7999997,3,8x8x3
8,7.7999997,3,8x8x3
8,7.7999997,3,8x8x3
8,7.7999997,3,8x8x3
8,7.7999997,3,8x8x3
8,7.7999997,3,8x8x3
8,7.7999997,3,8x8x3
8,7.7999997,3,8x8x3
8,7.7999997,3,8x8x3
8,7.7999997,3,8x8x3
8,8,3,8x8x3
8,7.7999997,3,8x8x3
8,7.7999997,3.1999998,8x8x3
8,7.7999997,3,8x8x3
8,7.7999997,3.1999998,8x8x3
8,7.7999997,3.1999998,8x8x3
8,7.7999997,3,8x8x3
8,7.7999997,3.1999998,8x8x3
8.2,7.7999997,3,8x8x3
8.2,8,3,8x8x3
8.2,8,3,8x8x3
8.2,8,3,8x8x3
8.2,8,3,8x8x3
8.2,8,3,8x8x3
8.2,8,3,8x8x3
8.2,8,2.8,8x8x3
8.2,7.7999997,3,8x8x3
8.2,7.7999997,3.1999998,8x8x3
8.2,7.7999997,3.1999998,8x8x3
8.2,8.2,3,8x8x3
8,8.2,3,8x8x3
8.2,8,3.1999998,8x8x3
8,8,3.1999998,8x8x3
7.7999997,8.2,3,8x8x3
8.2,8,3.1999998,8x8x3
7.7999997,8.4,3,8x8x3
8,8,3,8x8x3
8.2,8.2,3,8x8x3
8,8,3.1999998,8x8x3
8.2,8,3.1999998,8x8x3
7.7999997,8.4,3,8x8x3
8,8,3,8x8x3
8.2,8.2,3,8x8x3
8,8,3.1999998,8x8x3
8,7.7999997,3,8x8x3
8,8,3,8x8x3
8,8,3,8x8x3
8.2,8,3,8x8x3
8,8.2,3,8x8x3
9.2,12,1,9x12x1
9,12,1.2,9x12x1
5.2,6,1.9,5x6x2
5,6,1.9,5x6x2
3,12,2.9,3x12x3
12,36,9.9,12x36x10
12,36,9.9,12x36x10
3,12,2.9,3x12x3
